40,55295,32126,586,10.4,0.665,1,7.7
35,51530,14347,533,10.0,0.427,0,5.4
49,53430,15608,567,3.6,0.645,0,1.7
46,51191,19117,574,3.6,0.434,0,8.4
35,32884,6881,666,6.5,0.403,0,8.2
44,69069,11079,582,2.0,0.55,0,17.1
45,56071,19985,578,5.7,0.855,0,17.7
41,65361,37819,646,4.8,0.289,0,6.2
44,54069,18391,602,10.4,0.449,1,14.1
46,67658,19850,535,4.3,0.362,2,9.2
61,50756,7291,693,5.4,0.486,1,11.9
52,51186,19543,567,8.9,0.4,0,1.8
30,146881,51434,617,4.3,0.514,0,6.6
43,40486,12363,627,2.5,0.514,0,5.5
61,230217,109720,468,6.5,0.596,0,10.4
44,38409,8244,580,1.8,0.542,0,5.4
58,47415,24061,565,5.2,0.673,0,9.1
66,39903,19768,529,2.6,0.295,0,13.9
31,56564,8088,593,1.0,0.43,1,5.5
39,17047,9989,607,6.2,0.477,0,3.4
41,97975,20654,632,4.8,0.772,0,9.2
27,47540,16758,607,9.0,0.705,0,7.7
54,75057,21045,597,1.2,0.574,0,3.6
43,131936,52365,696,2.2,0.502,0,7.8
23,53679,19882,579,5.5,0.493,0,5.5
43,77282,45997,499,10.6,0.416,1,11.5
32,45839,25671,551,7.2,0.098,0,1.9
40,92169,21336,667,4.0,0.643,2,5.6
18,75971,20857,588,0.0,0.634,0,0.0
38,40018,21656,547,3.4,0.524,0,5.1
48,113837,47260,643,0.3,0.301,0,10.4
36,63333,31069,694,10.3,0.321,0,6.2
22,61810,23900,589,3.2,0.751,0,4.2
39,87114,50082,639,19.0,0.403,1,4.8
38,99845,36029,689,1.6,0.27,0,9.4
56,43742,15775,725,10.0,0.568,1,9.5
44,95933,18187,634,5.2,0.207,1,2.2
38,67209,15671,597,9.1,0.232,0,14.2
28,59969,34601,597,2.5,0.595,0,5.3
40,51061,21284,470,17.0,0.604,1,2.9
59,72373,24455,524,14.7,0.183,0,7.3
44,37589,18753,630,3.3,0.524,0,3.9
47,47396,26168,758,3.6,0.875,1,8.5
18,33759,12911,566,0.0,0.085,1,0.0
49,92443,46443,587,2.1,0.48,0,11.2
41,70721,15326,625,2.4,0.431,0,7.3
40,72720,15121,695,9.3,0.248,0,5.1
42,54974,6054,551,0.3,0.685,1,7.1
42,61191,12425,574,2.1,0.535,0,4.0
37,61284,30102,602,12.8,0.71,0,2.2
35,75765,30562,610,11.5,0.708,0,5.8
26,35830,17750,613,4.1,0.503,0,3.0
36,68718,24113,625,0.8,0.459,1,7.2
51,79363,22171,637,10.9,0.433,1,5.9
34,80598,12638,622,3.0,0.716,1,7.2
48,147482,43596,602,8.1,0.146,0,4.0
29,73602,39583,520,6.6,0.62,0,4.2
26,93761,28337,524,8.1,0.537,0,8.5
36,96860,37032,558,7.2,0.28,0,4.8
49,49186,27272,671,7.6,0.814,2,7.2
25,90819,38282,688,5.3,0.673,0,4.7
58,30702,12162,522,7.5,0.506,0,8.7
61,47810,27064,660,6.7,0.836,0,6.4
47,87333,22652,509,3.8,0.416,0,13.0
35,42284,24852,640,0.2,0.435,0,11.2
35,102276,54449,576,2.0,0.823,0,5.6
33,100544,38281,475,0.7,0.524,0,11.4
33,78891,23407,542,6.7,0.415,0,3.8
38,74608,11867,568,2.7,0.29,1,10.6
22,60480,17874,630,1.4,0.43,1,3.7
43,71536,20668,601,2.9,0.443,0,6.0
29,100055,23213,596,3.1,0.263,0,10.7
31,105481,36074,586,3.9,0.544,0,1.3
32,69213,40724,663,5.6,0.712,0,2.1
44,38933,11220,543,4.8,0.732,0,10.8
51,59229,15222,635,6.0,0.468,0,6.5
30,73688,17677,747,6.6,0.638,0,7.1
52,91497,10577,635,0.4,0.273,0,19.8
29,78889,13754,633,10.8,0.416,0,10.8
33,111421,23909,563,5.7,0.51,2,6.6
49,50612,26731,725,15.2,0.554,1,4.9
23,50696,24580,555,2.3,0.16,0,5.4
34,98999,45995,598,16.5,0.757,1,5.9
31,46090,8510,472,2.4,0.255,0,7.5
35,43894,25884,563,1.8,0.681,0,6.8
33,67979,39348,648,2.4,0.227,1,7.5
23,89806,38463,594,2.3,0.221,1,4.6
46,72555,41667,665,2.2,0.343,0,7.3
43,23251,11409,614,3.0,0.28,0,8.0
49,62686,10249,632,4.9,0.351,0,15.3
36,49272,18977,662,2.2,0.651,1,7.2
39,106898,26848,507,4.9,0.471,0,3.7
49,35811,9314,652,3.3,0.256,0,5.5
42,83311,38714,580,0.9,0.618,0,11.6
49,66680,27569,573,4.5,0.528,1,9.8
48,73643,27946,537,0.5,0.124,1,1.9
40,91140,54414,629,2.0,0.263,0,4.0
41,61003,14078,610,2.4,0.548,1,2.8
39,68845,36976,652,6.7,0.859,1,4.4
41,132790,59052,509,10.8,0.83,1,6.1
35,98887,11268,665,1.6,0.558,0,5.8
43,96084,32267,632,0.5,0.667,0,13.2
42,94850,16734,548,3.3,0.526,0,17.9
34,141651,22598,662,3.4,0.755,1,6.4
44,83550,37305,625,7.5,0.172,1,4.4
52,69626,37870,524,16.8,0.583,0,4.8
40,85405,37553,611,4.7,0.305,0,9.4
41,53034,14349,449,16.2,0.293,1,1.5
42,92958,11383,642,3.0,0.389,0,8.6
21,99909,33410,561,2.9,0.369,0,2.9
36,58065,11458,501,3.2,0.418,1,8.4
63,62926,32262,458,10.9,0.564,1,2.7
40,76260,20918,618,1.6,0.372,0,6.5
31,51445,28329,592,6.3,0.716,0,5.2
40,43820,7075,580,8.2,0.855,0,10.9
34,60206,7894,615,2.4,0.879,0,1.9
42,68246,6942,601,6.7,0.618,0,3.9
42,86488,51008,644,1.4,0.618,0,4.1
39,82773,27870,599,13.2,0.71,0,4.8
49,65101,30057,572,4.7,0.676,1,3.9
28,83416,12690,573,3.9,0.34,0,9.9
43,53743,8224,613,8.4,0.309,0,6.1
50,36267,8498,628,6.6,0.354,1,9.1
37,61124,9440,564,3.7,0.52,0,16.5
48,73174,8940,571,10.3,0.698,0,8.2
38,52539,6982,616,1.4,0.501,1,7.8
29,36885,11550,619,7.0,0.516,0,9.0
21,46857,14730,544,0.8,0.181,1,3.0
34,40907,14270,524,1.8,0.808,0,5.2
37,38364,15673,603,7.0,0.468,0,2.0
62,67775,16114,629,2.2,0.695,0,5.1
40,106597,38828,616,8.6,0.483,0,11.3
34,67351,39987,516,10.6,0.81,0,16.4
45,106095,44981,620,4.5,0.721,0,12.1
36,23352,11860,652,11.6,0.525,0,8.1
50,71697,38728,574,3.3,0.336,0,10.3
55,83000,17493,561,10.5,0.764,1,8.1
42,48819,10119,671,5.7,0.783,0,2.3
22,46492,9602,664,4.2,0.562,0,3.3
39,57493,17289,544,4.4,0.279,0,13.3
38,94700,53586,612,5.5,0.398,1,6.4
56,41373,22054,535,2.9,0.403,0,6.8
44,47699,14988,626,17.0,0.52,0,5.0
36,39228,13115,571,4.5,0.54,0,6.7
54,84327,45021,541,0.3,0.472,0,9.3
39,50019,18896,514,2.5,0.244,0,8.9
39,63663,18357,675,7.0,0.653,0,7.9
35,80122,10259,572,5.0,0.079,0,6.8
52,54268,17316,790,7.1,0.428,0,5.3
35,36826,7228,685,8.3,0.55,0,4.2
46,81033,10229,678,22.4,0.795,0,9.5
44,83453,10978,477,7.6,0.825,0,4.5
41,125754,49472,592,6.5,0.421,0,11.9
49,74941,23438,474,7.2,0.407,0,6.8
55,68179,35241,628,11.5,0.716,1,9.6
28,73974,30558,597,6.0,0.659,0,9.4
38,61554,8272,689,5.6,0.169,0,8.1
38,65338,22312,537,6.8,0.511,0,8.8
41,52098,20629,628,2.9,0.558,0,3.1
34,73613,38191,602,10.1,0.229,0,14.1
30,74162,43169,598,5.4,0.524,1,11.7
39,61973,19721,647,6.3,0.581,1,6.3
50,45415,10031,629,0.9,0.426,0,6.7
38,36568,12731,652,1.5,0.569,0,8.6
44,53469,11011,633,11.4,0.58,1,6.5
55,51282,12145,622,1.0,0.319,0,7.2
42,56498,9783,555,6.1,0.772,0,6.1
50,55049,23235,581,5.1,0.411,0,3.9
51,131450,58867,538,2.7,0.725,0,7.5
52,56623,16061,582,5.4,0.314,2,4.5
61,38819,4046,627,2.4,0.496,0,7.6
39,66649,26798,514,3.3,0.61,0,3.5
49,56819,12363,648,4.4,0.509,0,2.5
42,139193,21907,584,18.2,0.32,0,12.4
45,74541,25869,592,3.8,0.478,0,14.8
44,94730,25016,599,8.7,0.634,0,3.5
52,66976,19396,611,24.9,0.631,0,2.6
35,71462,34627,453,11.7,0.265,0,12.9
44,53456,28898,594,1.2,0.519,0,15.4
27,64866,33682,558,2.1,0.536,0,9.3
32,46116,18070,584,11.5,0.405,0,4.5
34,55526,9551,646,0.4,0.495,1,3.7
46,75073,21056,570,1.1,0.373,0,5.0
44,77206,25451,554,11.5,0.205,1,1.2
54,72229,27107,619,7.2,0.724,0,18.3
50,51826,9071,529,0.4,0.862,1,0.9
40,160608,40078,672,2.8,0.536,0,8.2
70,63759,33138,717,5.1,0.81,0,10.4
42,72929,43323,517,3.5,0.299,0,11.7
26,109666,23507,637,8.0,0.525,0,7.2
27,45597,21744,690,9.3,0.482,0,9.3
47,61609,14550,572,3.7,0.297,0,4.1
24,137911,23657,565,1.7,0.418,1,4.0
42,79466,13661,564,2.4,0.633,0,1.5
37,90949,47279,674,6.8,0.415,0,4.8
59,57011,18805,680,10.8,0.404,0,3.8
28,56168,23359,584,4.7,0.791,0,4.5
50,43015,23367,691,13.1,0.362,0,6.4
37,147341,58695,528,5.1,0.622,0,12.9
36,55301,5583,631,1.2,0.732,1,9.0
55,38573,15716,548,5.9,0.217,0,3.4
35,105951,14204,610,16.8,0.524,0,4.5
31,50700,16589,579,6.5,0.602,0,5.5
35,87750,42716,537,8.6,0.68,1,5.7
30,86662,44970,620,1.0,0.784,2,11.9
25,100201,31021,527,6.1,0.496,0,6.7
32,37879,14907,643,3.5,0.639,1,3.9
24,76918,37793,644,5.9,0.3,0,3.1
31,42860,10644,607,1.8,0.4,0,11.2
31,67757,26300,582,13.1,0.35,2,13.1
42,93276,19607,644,6.7,0.512,0,10.9
27,33350,6945,649,6.9,0.733,0,8.7
46,55506,12570,571,12.3,0.71,1,4.8
18,45326,15271,611,0.4,0.654,0,0.4
31,70593,10398,576,1.2,0.51,0,12.7
38,42326,20284,628,0.7,0.465,0,3.6
36,86962,22482,556,18.0,0.621,0,2.2
41,59927,30184,612,6.6,0.229,0,6.6
27,64767,10243,594,4.5,0.66,0,7.2
59,72552,32144,653,4.1,0.669,0,20.3
56,21655,12355,567,2.8,0.717,0,8.2
18,43168,23696,616,0.0,0.375,0,0.0
46,118610,65326,575,5.4,0.66,2,13.6
36,40446,8847,508,4.4,0.262,1,6.9
39,43398,15383,585,2.2,0.68,2,2.3
39,57299,33552,638,5.5,0.217,0,10.4
32,90435,13958,640,4.5,0.354,0,13.9
39,38007,20011,563,7.6,0.54,0,2.9
55,59538,25224,659,3.5,0.888,0,6.2
58,107856,26430,676,2.7,0.867,0,4.7
39,75140,16349,544,2.8,0.458,0,5.6
24,44527,26125,608,2.0,0.641,0,5.7
37,100105,12336,664,1.1,0.415,0,3.3
37,57931,23335,678,3.9,0.679,0,7.7
54,79497,20938,613,1.5,0.623,1,7.4
28,48404,22426,667,9.9,0.858,1,9.9
21,98279,52275,678,3.1,0.387,0,3.1
33,58005,29637,634,2.8,0.414,0,9.2
46,72369,37590,584,6.4,0.405,0,3.8
30,31867,18187,622,8.1,0.437,0,12.5
37,120458,59921,560,3.6,0.393,0,12.4
47,111631,44263,563,2.7,0.653,0,6.0
24,41252,8875,508,0.4,0.631,1,5.4
39,122236,29687,653,9.1,0.403,0,8.1
42,38723,7268,664,2.8,0.322,0,3.6
46,39910,17413,487,8.8,0.417,0,7.5
36,60896,8312,572,4.8,0.467,0,4.5
55,71270,10823,564,5.6,0.698,0,2.6
35,94435,33503,631,2.8,0.349,0,5.2
48,63862,17027,599,5.3,0.8,1,8.8
51,43288,24221,639,5.1,0.909,0,6.7
18,101636,52164,602,0.0,0.594,0,0.0
55,61745,18475,616,2.1,0.122,1,8.0
29,85551,46896,603,3.8,0.532,0,6.0
35,96970,38001,670,14.4,0.609,0,4.6
51,52974,17648,541,1.3,0.086,0,11.0
35,59925,30451,555,0.8,0.249,0,6.0
39,85933,50884,548,1.9,0.227,1,5.5
49,97418,45334,626,12.2,0.117,0,2.8
41,51914,23333,502,0.8,0.65,0,6.1
30,65403,31977,484,5.1,0.283,0,1.2
52,38053,12048,641,1.3,0.208,0,12.7
43,56352,26965,517,4.7,0.648,1,7.9
24,119916,42429,546,6.2,0.357,0,6.2
39,31870,17522,518,4.3,0.462,1,8.0
43,137003,72642,557,9.0,0.55,0,5.7
36,138409,21162,776,3.3,0.323,0,12.3
23,41076,13169,580,1.3,0.811,0,4.2
26,43521,19595,599,8.0,0.537,0,8.0
33,66706,10236,539,6.9,0.557,0,9.1
43,56312,14903,593,6.4,0.422,0,5.5
51,101224,28094,658,4.2,0.62,2,7.7
26,90441,39010,606,7.7,0.555,1,5.4
34,64262,9178,720,4.6,0.819,0,5.4
19,39147,20536,554,0.8,0.788,1,0.8
39,59581,18200,471,4.1,0.487,1,5.7
55,183685,19180,624,8.1,0.46,0,6.0
50,72833,41232,625,6.7,0.712,0,5.6
37,118304,48125,604,1.0,0.731,0,8.5
36,77367,14594,518,0.9,0.832,1,6.6
36,133488,69286,567,5.4,0.329,0,5.3
37,64922,32900,612,4.5,0.602,0,5.1
40,108321,57590,615,3.0,0.51,0,9.7
36,98412,38699,640,10.3,0.336,0,8.1
40,69052,27350,541,4.7,0.461,0,1.4
28,69165,36250,486,5.5,0.46,1,8.3
44,37071,15308,589,1.6,0.562,0,7.3
46,57335,5796,637,6.8,0.527,0,7.6
65,180871,78473,521,4.0,0.519,0,13.4
45,136992,78471,695,2.4,0.479,0,7.7
38,64556,23523,579,6.8,0.376,0,3.0
56,47532,8412,668,10.0,0.638,0,10.6
54,109664,65599,706,2.7,0.782,2,5.8
33,75132,25143,502,6.4,0.825,0,4.8
57,80978,21841,629,3.3,0.382,0,14.8
43,59312,32547,709,5.7,0.626,0,15.2
26,121718,53611,573,1.1,0.183,0,1.7
33,74248,23887,717,1.2,0.718,1,6.3
34,85986,24581,660,5.8,0.366,1,3.1
55,43900,23963,580,2.3,0.222,1,13.8
42,48957,12641,598,6.7,0.743,0,14.8
41,42251,13675,505,4.7,0.565,0,21.7
39,79882,24103,559,1.8,0.372,0,10.2
60,68988,40402,640,4.2,0.746,0,8.6
38,39110,21081,584,3.9,0.57,2,7.8
36,75574,33903,621,7.8,0.333,1,3.3
52,70080,27562,669,5.3,0.539,0,5.5
42,31489,11024,667,3.5,0.387,0,6.1
54,49722,7581,624,6.4,0.527,1,6.4
36,73234,40216,567,7.2,0.279,0,4.8
42,43881,25820,611,1.6,0.724,0,16.3
58,59702,28116,614,5.7,0.283,0,1.7
35,49128,11935,562,1.0,0.366,0,5.9
50,35183,10399,623,1.9,0.109,1,6.7
24,28365,14349,552,3.3,0.66,0,6.5
47,41277,21367,599,0.3,0.619,1,1.2
33,146478,37038,564,9.8,0.642,0,11.0
49,40291,17736,572,7.5,0.534,0,10.1
29,61695,35274,655,5.6,0.152,1,10.7
50,64386,30122,655,1.4,0.28,0,3.5
39,143662,43694,590,10.4,0.432,1,8.0
44,28869,10131,676,8.5,0.629,1,1.7
41,49547,23962,645,3.4,0.428,0,3.3
39,74145,8519,636,3.3,0.464,0,2.4
33,62764,33673,596,7.4,0.611,0,5.8
30,55556,9666,640,3.4,0.408,0,5.6
47,82091,44695,574,0.7,0.608,0,5.7
28,28210,16829,614,10.5,0.555,0,7.5
38,58345,7324,675,4.3,0.429,1,3.0
30,52161,30306,656,5.0,0.342,0,1.7
36,93305,19921,565,2.4,0.492,1,0.9
21,28018,9324,666,3.0,0.754,0,3.0
52,59849,8456,527,5.4,0.442,2,6.0
47,60885,13160,599,5.0,0.417,0,4.6
39,54828,12188,669,3.3,0.804,0,6.7
42,51329,9909,552,3.6,0.438,0,16.3
52,61470,32144,620,4.4,0.635,0,5.9
34,100581,59157,628,10.7,0.193,0,7.9
53,84040,21220,678,10.8,0.312,0,7.0
33,48579,22808,571,2.1,0.615,1,11.7
39,48436,8521,651,18.1,0.356,0,6.0
26,41780,23928,558,6.6,0.384,0,2.6
54,96687,43381,579,7.4,0.45,0,3.3
37,50793,22852,601,4.0,0.39,0,11.8
43,39412,8803,593,4.8,0.263,0,4.7
32,66630,24153,659,9.5,0.382,0,3.5
38,71733,21775,746,8.6,0.442,0,6.5
30,57261,30575,600,2.6,0.689,0,11.3
31,66966,28673,602,3.8,0.616,0,5.5
23,59751,14333,703,2.7,0.475,1,5.5
37,78310,11898,745,1.1,0.551,1,19.2
33,71233,35870,591,6.6,0.788,1,12.0
62,49458,6572,620,4.0,0.638,0,7.6
28,82800,27404,520,8.0,0.553,0,6.1
33,45398,19256,555,6.5,0.317,0,13.7
47,41579,16650,503,2.4,0.152,0,24.1
30,68330,10916,582,10.2,0.428,0,11.6
38,74298,31482,701,3.2,0.158,1,7.5
47,90064,19825,548,12.1,0.627,0,4.0
46,134033,50718,562,3.9,0.312,0,3.5
40,30709,6888,629,2.9,0.31,0,11.2
38,50572,14842,506,2.9,0.368,0,3.9
49,67220,31799,620,6.9,0.678,0,5.0
51,125755,28519,450,5.3,0.395,0,6.7
40,54590,28719,584,3.5,0.593,2,3.5
44,33172,10843,507,5.3,0.918,0,3.7
34,41280,24610,556,13.4,0.177,0,2.8
51,58993,23898,593,7.1,0.706,0,9.0
47,74757,13452,594,1.7,0.566,3,8.4
36,154276,73195,589,3.3,0.428,0,9.9
34,49190,19933,735,7.1,0.126,1,14.2
57,79118,12596,644,1.9,0.166,0,3.8
34,96833,12995,500,12.8,0.401,0,2.4
37,50758,26005,517,10.0,0.355,1,5.6
27,124414,42764,681,3.9,0.284,1,7.6
49,50516,22574,601,9.3,0.475,1,0.9
34,42100,14755,677,16.1,0.484,1,12.7
39,117993,60630,663,5.5,0.378,1,6.2
39,62529,11295,584,6.0,0.28,0,13.1
63,40647,6321,610,1.8,0.881,0,6.5
57,53402,15732,565,2.6,0.587,1,1.1
43,47749,17181,658,2.9,0.504,0,7.1
33,50919,20868,608,5.7,0.738,0,6.5
41,68273,14887,674,4.9,0.796,1,1.8
39,55348,26506,560,11.3,0.394,0,20.7
55,144894,67763,584,6.3,0.513,0,13.9
65,55041,19011,568,6.7,0.281,1,11.8
43,59789,20093,691,8.9,0.587,0,19.9
47,114860,52718,598,6.0,0.401,0,3.2
59,104538,62586,594,1.4,0.823,0,8.0
45,85832,24826,589,20.5,0.79,0,8.5
31,54137,12838,671,1.6,0.381,0,13.5
38,113114,38485,779,3.0,0.191,0,3.1
40,54417,12129,751,2.6,0.416,0,6.5
32,41509,5394,643,0.5,0.673,0,11.5
40,50037,28851,543,11.0,0.696,0,15.1
24,87462,24148,565,1.6,0.16,0,4.3
20,57194,20321,618,1.5,0.509,1,1.9
39,68847,10432,461,7.6,0.233,1,7.7
37,42908,20076,561,8.7,0.331,1,5.0
58,88315,30060,652,1.8,0.41,1,3.2
35,47279,8931,504,2.9,0.403,0,13.3
43,44620,10359,632,7.2,0.246,0,14.0
36,58373,23815,567,4.7,0.158,1,11.4
21,37718,20033,562,3.5,0.293,0,3.5
39,43929,6768,635,1.4,0.481,0,6.8
42,44855,8712,695,6.8,0.414,0,10.9
34,69688,37044,596,11.1,0.561,4,4.6
38,47798,22280,682,14.4,0.634,0,2.3
49,71637,40366,620,10.9,0.548,1,10.9
37,59588,10652,532,2.3,0.729,0,3.3
53,52615,22513,666,3.6,0.549,1,10.0
42,104145,22495,679,3.8,0.354,0,2.0
51,32893,8265,624,9.3,0.648,1,8.1
56,81280,30026,523,11.7,0.143,0,21.6
31,40358,11755,511,2.0,0.531,0,13.0
51,45862,17605,628,11.0,0.775,0,8.3
53,53455,15601,628,3.1,0.279,1,12.6
51,57966,27608,642,5.2,0.587,0,4.6
37,62166,13551,469,13.5,0.201,0,8.1
18,66223,9017,548,0.0,0.459,2,0.0
65,51738,25451,566,9.1,0.452,0,11.3
24,24472,13392,664,3.3,0.163,0,6.3
60,47313,24201,601,6.4,0.481,0,12.1
28,88338,28592,668,3.8,0.688,0,9.2
27,79181,25496,541,1.1,0.623,0,9.4
41,80153,20390,489,6.2,0.474,0,10.4
39,57239,19096,651,2.6,0.212,0,5.3
62,76610,8989,587,1.1,0.218,0,10.4
33,52348,22775,603,0.7,0.467,0,9.9
49,54420,24579,526,7.0,0.774,0,4.9
45,49922,25406,608,0.4,0.68,1,9.4
31,92680,39201,613,5.9,0.79,0,3.7
46,22430,4237,601,2.2,0.532,0,4.3
39,66062,34961,640,6.9,0.472,0,5.0
52,66047,18997,647,1.1,0.545,0,10.1
38,68250,28656,676,1.9,0.317,1,2.1
55,60843,12580,604,4.9,0.637,0,24.3
44,103062,31424,702,5.1,0.887,0,20.4
28,63906,26490,523,1.7,0.277,0,5.4
22,57746,24720,656,4.3,0.405,0,4.3
58,81575,20553,603,3.3,0.184,0,9.2
40,33287,13266,594,5.4,0.214,1,4.4
39,46993,4791,574,8.2,0.499,1,6.2
43,95905,38057,633,4.7,0.311,0,10.4
40,70277,38914,712,6.1,0.385,0,8.4
41,35936,13139,679,4.7,0.84,0,2.5
24,179558,57431,655,5.7,0.531,0,5.7
49,58912,19755,592,0.2,0.81,0,19.9
42,46333,6640,699,4.6,0.841,0,11.5
47,35494,11021,626,9.9,0.408,1,5.1
35,108177,55662,537,5.6,0.461,0,5.1
40,43282,24702,551,2.3,0.681,0,5.3
26,53909,10237,697,5.6,0.616,0,7.7
51,71825,32202,668,7.0,0.639,0,9.4
39,28210,10013,676,6.5,0.378,0,10.3
18,87421,49871,610,0.0,0.366,1,0.0
36,43974,14391,549,4.2,0.553,0,18.5
44,96952,20332,494,6.8,0.431,0,11.5
55,70583,8649,550,4.2,0.789,0,2.0
25,99541,47346,512,7.4,0.353,0,1.7
53,68416,31454,740,7.1,0.368,0,2.1
47,95058,53538,567,4.9,0.637,0,7.6
36,75690,9857,567,4.3,0.442,0,5.9
49,61612,36431,566,2.0,0.525,0,3.8
43,72311,13900,495,3.6,0.538,1,1.1
35,19237,7320,491,8.8,0.058,0,13.9
51,50779,19428,697,6.5,0.281,0,5.9
54,101274,12197,707,8.0,0.42,0,16.6
26,37856,15597,672,2.8,0.646,0,7.2
44,49992,13483,631,7.1,0.583,1,4.8
38,34399,17807,527,4.1,0.438,1,4.3
45,31070,11379,678,1.8,0.356,0,3.7
37,53994,7407,601,10.8,0.244,0,8.7
55,74270,28367,633,6.6,0.177,1,4.0
21,56214,32609,618,3.2,0.582,0,3.2
42,37937,19304,647,1.0,0.469,0,18.6
35,39079,18501,659,2.2,0.184,1,2.2
38,42532,23462,592,2.0,0.339,1,4.4
21,55522,25074,663,2.6,0.679,1,2.7
53,42707,7792,583,10.5,0.447,1,8.2
26,96955,27965,661,2.1,0.546,0,6.7
45,46941,6940,663,6.2,0.638,0,6.9
34,51395,17820,499,5.9,0.622,0,14.6
37,77197,17481,603,2.6,0.395,0,5.0
46,27688,12627,471,11.2,0.647,1,3.1
52,114517,15957,508,4.4,0.276,1,6.0
27,87010,12033,604,8.7,0.838,0,8.7
36,86063,49538,592,3.8,0.269,0,3.8
43,46471,24399,585,2.8,0.519,0,1.3
40,44231,12235,640,0.9,0.561,0,21.6
48,48949,5046,578,5.3,0.672,0,5.2
55,53475,12974,530,11.9,0.654,0,7.7
33,103743,23423,508,7.0,0.792,1,7.9
32,28657,13524,501,6.9,0.374,0,6.4
46,105348,35414,548,9.5,0.608,0,2.9
28,57427,22097,556,6.7,0.296,0,4.6
45,96231,52471,685,2.0,0.445,0,9.5
39,73005,22493,611,3.8,0.652,0,3.7
38,80845,8377,539,6.8,0.419,0,15.4
47,91677,52885,651,10.7,0.78,0,5.0
35,59672,21816,649,4.9,0.717,1,7.9
73,42826,6683,574,8.1,0.714,0,17.0
37,43595,22606,677,2.6,0.346,1,2.4
33,92053,18056,663,14.6,0.55,1,4.6
63,116096,52540,582,7.1,0.239,0,5.5
40,46814,12579,598,6.2,0.513,0,5.8
29,97878,55632,580,6.8,0.274,1,2.2
38,92292,35606,633,20.3,0.38,0,8.4
58,34290,8233,463,2.0,0.267,2,8.7
43,90968,25576,657,1.8,0.612,0,8.4
31,49431,16548,515,3.9,0.2,1,11.5
50,115134,62970,562,1.5,0.562,1,2.0
46,69452,21968,727,0.6,0.16,1,7.1
46,171590,67213,581,8.1,0.458,0,6.1
24,62598,12003,623,5.6,0.487,0,2.8
29,49558,9675,627,10.2,0.832,0,4.2
25,78751,12752,624,0.9,0.515,1,4.1
37,86816,16511,577,10.1,0.462,0,3.1
55,80215,21669,629,4.4,0.741,0,8.2
21,54928,14274,598,3.4,0.459,1,3.4
28,87278,41272,498,10.1,0.297,0,10.1
23,39977,16774,533,4.8,0.191,1,4.8
48,25804,5937,593,9.2,0.538,0,13.4
59,73995,16904,634,6.9,0.332,1,2.0
43,156384,37732,635,9.6,0.786,0,1.0
45,81974,24148,613,2.2,0.279,1,3.4
40,47033,16974,602,1.2,0.485,0,6.6
38,56339,24976,594,1.0,0.279,0,4.8
47,64170,24882,622,10.6,0.379,0,9.8
31,44622,11444,544,0.9,0.293,0,5.8
46,43160,15277,604,7.1,0.151,0,9.9
37,74543,39960,655,1.2,0.521,0,3.2
40,76209,29348,608,9.7,0.705,0,7.6
34,44170,6777,542,1.2,0.4,1,3.1
19,36970,13139,541,0.8,0.616,1,0.8
47,58619,34002,678,1.3,0.27,0,5.0
39,53740,20220,593,1.0,0.435,0,3.5
39,82172,13696,514,2.7,0.702,1,11.3
59,47087,23984,540,7.0,0.604,0,3.0
41,72296,17651,500,14.6,0.205,1,1.8
32,74748,21451,502,2.1,0.271,0,2.7
24,87001,50905,618,2.9,0.281,0,6.5
37,61353,12269,565,12.7,0.617,0,6.2
44,48163,13506,526,4.7,0.721,1,3.6
25,56202,32635,674,7.4,0.839,0,3.8
51,58702,32214,583,1.9,0.373,0,7.6
36,140200,15112,602,3.9,0.397,1,14.7
38,51223,24994,644,1.5,0.655,0,1.0
40,134888,20750,510,3.9,0.316,0,8.4
26,64530,25257,523,4.3,0.799,1,7.6
35,53952,24495,601,5.2,0.387,0,9.1
44,48403,16808,400,8.5,0.61,0,4.7
39,41073,24588,722,12.2,0.366,0,8.0
35,58723,20571,623,1.5,0.309,2,13.2
36,61488,10286,593,6.2,0.892,0,8.5
45,63457,7499,628,9.0,0.463,0,26.3
54,152785,66461,639,4.0,0.39,0,19.3
38,109726,33733,620,1.4,0.428,0,4.4
31,65408,28637,649,9.2,0.55,1,3.0
64,53614,22675,670,3.1,0.554,0,15.8
50,35860,10499,704,12.6,0.327,0,11.2
39,70061,20161,550,1.0,0.296,0,9.9
34,93725,31979,525,6.8,0.394,2,4.2
57,106399,34930,525,13.7,0.53,0,2.5
31,50423,10502,612,2.1,0.593,0,9.2
40,36660,3937,490,7.5,0.484,0,5.0
47,63259,32568,516,1.5,0.494,0,8.2
42,76424,39592,631,2.9,0.307,1,12.6
30,55235,25807,571,4.0,0.553,0,6.0
36,76152,22512,591,6.0,0.451,0,9.1
40,60219,21582,696,7.7,0.482,0,8.5
28,67096,8063,660,2.3,0.441,0,10.2
38,69294,39948,614,1.1,0.407,0,4.7
55,61238,15786,537,8.7,0.416,1,3.7
58,37750,16584,588,2.5,0.098,0,6.8
38,102336,33175,547,13.4,0.387,0,2.8
39,49722,6826,583,2.4,0.307,1,9.8
38,24763,11039,543,0.8,0.725,0,19.9
19,59952,13243,603,0.8,0.459,0,0.8
44,72577,30105,580,4.5,0.516,0,8.1
42,91260,47473,543,13.4,0.703,0,14.4
50,67785,18830,523,5.8,0.638,0,4.5
50,64388,34192,695,3.9,0.43,0,3.9
46,66315,18796,555,13.3,0.703,0,1.5
46,47061,13416,661,6.0,0.447,0,14.7
29,54406,29894,590,4.1,0.202,0,4.4
42,88647,40438,603,4.0,0.533,1,8.1
26,50959,20273,604,7.8,0.636,1,7.8
36,66083,11224,580,2.8,0.641,0,6.6
56,52694,6483,597,14.9,0.598,0,3.3
45,48542,22193,630,3.3,0.356,0,15.2
43,58048,17900,521,1.8,0.431,0,2.6
39,58420,7836,586,1.4,0.322,0,11.8
40,59142,8150,599,8.3,0.263,0,3.4
41,69891,7673,637,11.6,0.652,0,7.4
41,29176,10348,572,7.6,0.488,0,12.9
46,52913,26099,585,8.4,0.655,1,3.3
60,78074,36922,644,7.8,0.443,0,7.5
54,109261,25167,500,5.4,0.784,1,18.5
