37,48844,8490,776,,0.093,1,15.3
33,45836,25688,726,,0.014,0,11.2
41,119356,29361,704,,0.201,1,11.6
53,53057,25729,656,,0.125,0,6.6
19,38132,15716,649,,0.544,0,0.9
51,25324,9493,573,,0.31,0,17.0
20,75664,42641,718,,0.232,0,2.4
37,30469,9540,630,,0.09,0,11.7
29,45267,14969,664,,0.464,0,3.7
30,58203,21286,677,,0.285,0,7.6
26,63172,34715,647,,0.467,0,6.8
44,25393,15027,691,,0.314,1,4.9
36,31809,18291,533,,0.32,0,8.9
45,53502,28063,681,,0.104,2,2.2
47,25982,8862,720,,0.32,0,6.1
250,64342,15533,573,3.4,0.231,0,2.0
250,28745,16484,637,3.2,0.379,0,9.6
250,43538,7579,764,5.5,0.222,0,4.7
250,39950,4742,674,7.3,0.182,1,9.1
250,67182,24572,636,2.9,0.305,0,3.8
250,39695,15917,726,4.2,0.378,0,7.7
250,65002,28612,611,1.6,0.539,0,7.0
250,77518,23585,616,5.0,0.476,0,5.0
250,48137,24875,622,3.3,0.387,0,13.1
250,53939,23728,764,1.6,0.46,1,7.3
250,37024,19359,617,9.7,0.149,1,9.7
250,31414,16649,675,3.1,0.165,1,6.7
250,29239,15905,750,6.4,0.217,1,6.6
250,50946,20222,618,9.3,0.305,0,13.7
250,38895,5812,572,2.5,0.161,0,18.9
