35,76943,11984,741,1.5,0.451,1,11.5
39,74750,38315,803,11.1,0.37,1,4.0
49,49902,13625,723,2.4,0.293,0,8.5
36,27480,10510,682,3.2,0.203,0,3.8
31,39653,12091,655,5.3,0.577,0,2.7
55,52575,21250,638,10.4,0.556,0,3.2
47,67003,24355,655,2.1,0.301,0,8.3
27,32998,19115,693,9.0,0.148,1,9.0
47,74219,42963,750,4.3,0.297,1,2.5
35,67620,12529,702,4.3,0.114,0,3.6
50,67997,37166,663,4.9,0.356,1,3.9
36,60809,19410,608,8.8,0.283,0,2.3
22,20616,6888,633,4.0,0.355,0,4.0
34,55656,26116,693,1.9,0.486,0,16.3
31,42080,14870,713,6.9,0.306,1,7.7
33,61898,28467,737,7.0,0.109,0,6.0
18,25952,8034,737,0.0,0.1,1,0.0
39,21890,10112,619,0.7,0.247,2,11.4
20,62216,21500,638,1.6,0.443,2,1.6
39,34341,5356,731,10.8,0.284,0,4.1
18,20929,8358,742,0.0,0.073,0,0.0
29,32115,14053,679,11.0,0.271,1,2.4
45,45901,10264,776,11.1,0.072,1,3.2
47,76929,33319,749,7.4,0.231,0,9.8
32,49785,29754,720,4.3,0.232,0,3.3
45,38917,13292,701,1.8,0.207,0,3.4
22,44206,11324,578,2.3,0.111,2,3.7
50,66335,12276,624,13.1,0.449,0,19.8
52,61107,12138,674,3.7,0.378,0,5.8
38,65290,13932,777,4.3,0.32,0,8.8
36,98562,27651,760,6.6,0.486,0,7.8
18,49965,5634,638,0.0,0.545,0,0.0
39,65043,22023,738,6.4,0.2,0,11.5
47,20798,11294,626,4.2,0.178,0,3.0
44,52691,17555,523,5.5,0.235,0,5.7
41,28567,10132,796,6.4,0.186,1,6.3
26,38093,14696,546,3.0,0.272,1,2.4
41,40800,23968,509,6.5,0.512,1,6.3
31,48944,12016,695,3.8,0.392,0,3.4
54,38828,22508,661,15.5,0.445,0,7.7
46,42066,20253,701,0.7,0.392,0,8.1
43,63580,20450,791,11.1,0.197,0,10.0
40,50778,26462,738,3.8,0.055,0,6.7
31,47721,27571,713,8.5,0.194,0,7.7
32,48930,27885,628,4.2,0.617,0,9.9
59,44725,14566,650,7.4,0.356,0,22.1
31,72856,40414,715,6.5,0.298,0,2.7
40,47258,21361,654,4.2,0.53,0,16.9
41,121071,16828,728,2.5,0.478,0,1.6
40,58812,6959,693,1.1,0.426,1,3.9
42,66088,19806,668,6.8,0.206,0,9.0
59,43193,18245,747,9.0,0.586,0,4.0
41,61178,33470,665,1.1,0.082,0,6.2
45,73691,8747,598,4.9,0.08,0,9.5
37,53331,12539,754,1.9,0.563,1,2.5
38,41987,19893,680,8.1,0.359,1,11.9
45,75963,21396,667,0.7,0.289,0,4.4
54,107336,43095,673,2.5,0.149,0,13.4
53,27022,8085,646,3.8,0.188,1,7.3
18,40546,8258,837,0.0,0.506,0,0.0
23,48144,6270,602,4.9,0.545,0,2.2
61,42441,15650,702,11.3,0.269,1,3.8
35,47829,9219,692,12.9,0.236,1,7.2
36,32819,4420,728,9.1,0.506,0,9.6
34,71130,18121,659,3.9,0.305,0,4.5
27,49548,27897,754,5.2,0.444,0,8.9
32,54163,20585,660,3.4,0.233,0,10.9
35,43743,9623,650,4.2,0.028,0,8.4
35,37197,15235,685,12.4,0.372,0,3.1
30,37657,18273,701,12.2,0.274,0,3.7
49,93331,48999,746,10.0,0.272,0,13.7
39,33080,19690,602,6.4,0.06,0,3.8
41,41842,17102,735,5.3,0.248,0,7.5
41,23767,7516,739,6.0,0.441,2,4.6
35,59472,26150,724,5.5,0.285,0,7.6
33,69801,10822,676,10.1,0.41,0,4.9
25,24321,11401,651,6.9,0.241,1,7.2
47,36705,8785,710,4.7,0.275,0,9.2
39,35675,15452,694,8.6,0.105,0,3.1
52,42508,14154,591,5.0,0.277,1,2.0
44,61135,13849,735,3.0,0.354,0,17.7
56,48502,23516,640,2.6,0.335,0,4.3
36,49011,26403,642,1.1,0.326,0,3.0
30,27719,10681,744,12.3,0.277,0,9.7
59,48196,25026,690,7.2,0.334,0,5.8
52,71780,37319,671,6.2,0.223,0,5.7
21,51130,11316,658,1.8,0.485,0,2.3
45,21976,8899,666,2.2,0.314,0,7.6
47,81459,48598,679,6.2,0.181,0,4.0
38,84146,13242,779,4.4,0.087,0,3.8
27,61515,26040,565,1.8,0.311,0,2.5
38,71189,20173,831,2.3,0.421,0,9.8
42,59386,17457,821,3.4,0.545,0,5.2
33,63801,8312,658,6.1,0.345,0,4.6
47,38971,9370,691,3.1,0.185,0,7.4
24,67277,35487,691,3.7,0.741,0,5.9
42,20026,2597,744,0.8,0.198,1,10.3
59,45994,11653,688,6.1,0.082,0,7.0
46,70677,41932,703,3.0,0.11,0,7.9
54,88075,15214,751,12.4,0.168,0,6.5
39,57917,27865,564,11.7,0.585,0,3.7
42,79238,47322,671,6.4,0.345,0,12.1
36,47968,26135,694,8.0,0.353,0,5.9
36,63303,33400,661,13.5,0.329,1,16.7
45,65206,39028,578,8.4,0.423,0,9.7
31,19063,4502,683,5.5,0.256,0,3.1
48,67000,38882,648,2.6,0.132,1,12.3
45,51399,19042,655,6.9,0.281,1,7.3
28,53524,8199,680,2.4,0.009,0,5.2
50,70143,37368,579,13.4,0.203,0,2.8
61,39591,6549,663,2.3,0.517,0,6.5
49,49535,9339,639,4.3,0.26,0,4.9
21,50415,5057,603,1.7,0.327,0,2.6
64,57212,16530,710,1.0,0.232,0,9.0
18,20738,6392,603,0.0,0.25,0,0.0
23,64097,14713,713,4.5,0.19,1,2.3
22,65132,33224,733,4.4,0.401,0,4.4
37,29088,15725,673,8.0,0.533,1,3.5
21,36457,9015,746,2.1,0.086,1,2.6
18,77169,27770,819,0.0,0.167,0,0.0
33,33132,18916,715,4.8,0.422,1,13.9
33,88935,16921,662,12.3,0.21,0,2.8
37,33775,7072,751,5.3,0.634,0,4.5
45,72336,20845,564,2.7,0.194,0,8.8
55,33343,7365,821,6.5,0.281,1,11.4
40,68281,8084,686,12.6,0.342,0,15.8
44,53702,29497,697,5.9,0.302,0,9.6
37,53999,6822,586,4.7,0.204,0,9.4
51,32431,9163,735,7.0,0.605,1,12.6
55,48876,7217,687,10.1,0.36,0,14.2
34,35850,9822,672,9.8,0.325,0,15.9
26,34404,5302,643,6.9,0.425,0,8.4
34,83071,12927,627,6.8,0.014,0,8.6
35,154056,64783,636,3.8,0.607,1,3.6
38,36081,11600,583,4.8,0.206,1,10.6
40,58094,13736,692,4.4,0.443,0,13.3
38,71503,41286,775,8.3,0.656,1,8.4
27,38096,22294,704,9.2,0.515,1,9.0
37,34413,13984,631,3.7,0.435,1,2.9
43,49027,9903,700,6.7,0.197,0,6.4
55,49359,27905,521,1.6,0.438,0,4.6
34,17853,5054,782,6.3,0.324,1,3.5
40,54295,18575,646,0.4,0.393,2,5.0
38,67642,31712,711,2.4,0.101,0,10.0
35,59684,28102,677,1.7,0.457,0,6.6
35,44167,14560,715,0.5,0.237,0,3.6
21,27401,10119,820,3.1,0.143,2,3.1
44,58891,34535,552,10.1,0.67,0,11.6
46,35973,12507,696,1.0,0.308,0,12.1
36,43186,19569,697,7.0,0.251,0,5.0
45,49154,10133,657,11.2,0.283,0,10.7
22,67606,27693,636,4.3,0.1,0,4.3
55,74276,14042,737,3.5,0.421,0,13.9
32,53283,15084,678,3.3,0.346,0,6.5
37,49652,16101,680,2.5,0.23,0,1.7
49,66617,29016,662,10.8,0.294,0,5.4
25,34502,4855,670,5.2,0.092,2,7.2
35,37272,5596,717,2.8,0.243,0,3.2
32,87889,11077,714,2.0,0.35,0,7.3
45,88116,25610,633,6.4,0.473,0,2.6
30,24198,4858,662,2.5,0.464,0,4.6
47,40146,19460,741,6.6,0.008,0,2.1
42,71023,36406,781,4.6,0.415,0,8.5
24,57084,12692,781,6.1,0.507,0,5.9
48,46182,18821,776,3.0,0.19,0,3.6
58,30189,10409,692,5.8,0.105,0,6.6
31,39960,8003,742,5.9,0.098,1,7.5
35,34975,14623,702,6.1,0.338,0,3.3
27,84506,39595,636,2.5,0.319,1,3.8
39,36200,18779,673,1.6,0.225,0,4.4
51,51605,12954,668,5.2,0.065,1,1.8
33,57958,10268,736,10.0,0.518,0,11.1
31,46933,26558,728,5.8,0.071,0,9.7
53,48235,27275,674,2.9,0.52,0,3.3
32,29408,7146,666,13.6,0.031,0,5.7
33,41976,5380,639,3.5,0.633,0,0.9
37,43062,19565,660,7.2,0.14,0,19.4
22,38495,10876,674,2.5,0.318,0,4.4
31,85442,40954,700,8.3,0.09,0,6.4
58,105630,14348,687,3.0,0.098,2,7.3
47,72693,23954,632,2.1,0.406,0,7.3
46,89797,23903,651,7.3,0.24,0,5.3
46,38081,16044,673,3.2,0.119,1,6.1
46,45036,20479,710,4.7,0.228,0,4.4
36,34749,19959,650,2.8,0.34,0,2.6
39,51321,14056,592,1.9,0.4,1,4.2
44,34340,5652,613,4.4,0.419,1,9.8
35,32084,18627,699,4.1,0.368,0,10.6
53,16437,6330,708,5.9,0.183,0,9.9
23,58858,33355,645,5.0,0.191,0,5.0
37,78583,40493,621,6.7,0.096,1,6.1
51,75185,25970,596,1.3,0.381,0,3.5
50,66645,9616,599,3.2,0.222,0,3.3
35,68101,17000,657,6.9,0.082,1,0.5
43,43319,19476,586,9.7,0.356,0,7.2
43,26053,12168,690,11.7,0.32,0,11.8
62,31865,7194,711,9.5,0.08,0,10.0
32,43387,18237,598,2.5,0.283,0,8.0
42,20568,3114,618,5.4,0.765,2,8.7
36,61403,12696,674,2.5,0.088,0,1.2
55,57908,9339,631,6.0,0.108,0,10.0
39,60659,12233,691,5.8,0.262,0,5.6
34,70617,12905,739,9.5,0.095,1,14.3
47,23821,10952,668,5.7,0.316,0,7.5
32,35701,19913,578,2.4,0.149,0,9.3
42,30837,17985,690,0.7,0.101,0,3.4
47,38999,11528,660,18.2,0.195,2,6.8
23,36911,19554,712,4.7,0.376,1,4.7
32,20615,3004,819,5.6,0.258,0,8.4
59,64622,24849,622,6.5,0.529,0,9.3
42,83951,33804,636,5.2,0.161,1,18.7
29,36525,11142,697,1.8,0.399,0,8.4
41,38062,4235,732,4.3,0.482,0,8.3
21,68630,18196,802,3.0,0.336,0,3.3
42,47576,4877,655,9.8,0.319,0,13.5
44,61309,30911,628,7.6,0.271,0,1.8
39,32661,19579,632,8.1,0.146,0,1.7
33,62547,12758,654,0.8,0.102,1,7.7
58,57383,27875,665,12.2,0.387,0,5.0
37,40919,22331,690,1.7,0.384,0,7.5
21,48097,11746,682,2.8,0.284,0,3.1
38,20938,8881,603,6.0,0.386,0,9.2
52,43873,9852,588,3.4,0.105,0,5.8
56,49582,6599,673,0.1,0.326,1,10.0
18,41463,16114,634,0.0,0.213,0,0.0
32,34828,8547,644,10.2,0.285,1,5.3
36,85173,45248,733,4.9,0.203,0,4.5
42,80567,46650,719,8.3,0.11,0,13.9
26,49831,9401,658,0.3,0.208,0,3.0
46,56662,9916,741,2.2,0.235,0,19.4
49,23720,4747,745,6.8,0.181,0,8.7
31,31288,10408,762,2.7,0.187,0,1.1
40,40698,10543,773,15.9,0.684,0,4.3
48,32081,13486,668,28.2,0.222,1,6.6
58,73281,24357,747,4.3,0.453,0,6.7
51,38195,4238,662,4.5,0.195,0,11.0
35,30236,14349,753,3.4,0.017,0,3.5
45,109171,30190,666,8.2,0.108,1,8.6
38,102509,44272,681,5.2,0.401,0,5.1
33,65740,34188,620,14.5,0.13,1,5.9
45,22542,3480,619,2.6,0.565,0,11.9
45,88470,35199,704,6.6,0.393,1,2.9
40,87195,49358,738,9.6,0.126,1,2.8
50,24528,4107,618,7.5,0.23,1,2.4
37,19809,7985,760,16.8,0.171,0,15.4
39,39288,8183,753,8.3,0.447,0,6.9
42,56673,17767,704,3.2,0.204,0,6.3
43,86750,40368,737,15.4,0.036,1,7.1
31,23075,12018,648,4.2,0.124,0,12.8
59,101205,56954,595,2.0,0.173,0,4.3
47,25094,12593,649,10.8,0.427,0,4.9
40,69342,37061,751,1.8,0.206,0,5.2
40,48445,7041,756,3.8,0.457,1,12.3
39,81001,36484,609,6.9,0.126,0,2.5
55,56971,25542,608,0.7,0.213,0,4.4
50,47751,6837,627,2.8,0.352,0,6.7
46,64380,17260,564,1.3,0.378,0,8.0
65,35720,9879,643,5.2,0.282,1,5.8
46,46712,19784,709,4.2,0.334,0,7.3
31,28615,10634,500,8.7,0.394,1,9.6
47,65693,37353,675,15.2,0.493,0,4.7
45,78499,13443,765,3.9,0.199,0,4.0
54,58753,23291,735,9.0,0.497,0,7.7
47,53512,8891,704,1.9,0.379,0,5.9
41,43488,23030,686,11.2,0.533,1,10.8
50,128243,37277,748,16.2,0.505,0,16.9
23,48305,11586,710,4.4,0.338,0,5.2
45,26215,6342,664,2.9,0.17,0,4.4
46,61418,9786,736,3.5,0.175,0,12.8
27,50114,10240,598,2.4,0.198,0,4.9
41,112433,32844,728,7.7,0.165,1,22.7
33,48775,5715,713,6.3,0.42,0,2.4
36,28487,10058,692,2.1,0.164,1,7.7
49,96659,18600,686,5.0,0.237,0,7.5
30,55305,20752,781,4.8,0.401,1,4.0
38,39016,6562,745,2.9,0.214,0,11.2
31,120974,27654,762,10.2,0.258,0,12.7
42,48414,24001,709,5.7,0.042,0,8.0
43,39229,23426,749,6.8,0.411,1,5.0
27,71801,19680,707,7.8,0.499,0,4.8
37,72008,24221,671,9.3,0.227,0,2.9
38,70789,22690,727,16.6,0.398,0,14.9
41,83988,23446,664,6.9,0.14,0,4.3
49,22924,5253,751,5.4,0.202,0,2.8
30,68476,28857,607,12.1,0.162,1,5.6
36,50643,11023,665,5.1,0.235,0,2.3
53,51767,16804,639,13.6,0.247,0,12.5
48,40055,11928,820,2.4,0.266,0,7.4
30,41432,19614,641,9.7,0.364,2,6.2
39,44452,22609,677,2.9,0.228,0,2.1
44,51782,5747,557,2.2,0.184,0,1.3
49,20363,7802,783,2.8,0.067,1,8.5
43,65375,10281,632,1.1,0.133,1,7.7
44,72540,10514,770,0.8,0.025,0,8.6
44,59138,15945,618,1.2,0.247,0,3.8
40,62086,8410,622,2.6,0.098,0,2.5
24,72145,40741,730,6.1,0.314,1,6.2
35,53874,24055,588,2.5,0.311,0,4.9
52,117488,49668,706,17.2,0.214,0,2.6
49,49086,9046,635,0.9,0.206,0,8.5
40,72413,38044,810,10.5,0.067,0,5.4
38,34277,7897,789,7.2,0.226,0,8.6
33,46466,10771,756,2.9,0.135,0,12.8
31,76377,41626,820,4.3,0.229,0,3.5
49,45866,18924,643,14.4,0.576,0,12.9
37,39176,17000,727,4.6,0.242,0,6.7
43,56235,32973,624,2.1,0.195,0,3.9
64,49866,14944,733,2.4,0.208,0,7.1
41,33824,8019,701,4.0,0.204,1,8.2
32,42054,9799,606,14.5,0.446,0,8.3
49,53493,10670,677,2.7,0.579,0,16.1
51,18568,9624,686,11.7,0.173,0,2.9
21,49882,12175,684,2.6,0.369,0,2.6
52,34130,5397,788,2.4,0.573,0,4.3
31,44173,21534,616,4.5,0.188,0,10.6
56,29487,17149,640,0.8,0.134,0,15.9
53,42445,20513,502,7.5,0.156,0,5.6
41,100576,26773,721,4.8,0.173,0,7.8
32,32598,6074,729,6.2,0.135,0,13.5
51,37523,18518,733,12.6,0.36,0,4.7
44,42165,18197,678,4.1,0.11,0,14.4
32,20872,4143,636,4.4,0.122,0,10.5
45,24373,13984,608,8.4,0.297,1,12.4
29,60850,24101,714,1.8,0.162,0,4.4
43,38511,15244,631,0.9,0.076,0,5.0
43,100163,29859,580,1.5,0.2,0,9.0
45,33530,6793,742,2.0,0.264,0,8.3
52,102616,40217,658,11.1,0.455,0,9.2
35,24198,7506,690,4.6,0.542,0,3.3
34,45705,8309,477,5.4,0.512,0,5.2
40,34030,3733,677,6.1,0.317,0,4.4
48,66190,35895,666,11.7,0.187,0,4.9
38,37475,21208,792,5.0,0.305,0,11.1
24,39250,5900,665,1.6,0.065,0,5.9
37,46768,11539,498,5.3,0.149,0,5.7
42,135563,62736,666,17.0,0.512,0,3.9
32,84706,35841,680,3.6,0.235,0,12.0
18,40445,12087,759,0.0,0.122,0,0.0
43,33151,8669,677,6.5,0.334,0,22.4
27,34202,20309,653,8.9,0.221,0,2.7
50,31266,4858,671,2.9,0.046,0,8.1
63,73520,37564,850,2.5,0.308,0,20.2
31,36181,10585,711,0.4,0.264,1,10.3
44,78962,8401,662,3.7,0.06,1,8.5
43,78704,39298,743,2.1,0.259,1,2.4
25,45774,26901,608,3.2,0.307,0,6.7
18,26874,13839,633,0.0,0.151,0,0.0
26,66531,27342,645,0.4,0.286,0,8.4
37,29508,13944,568,7.2,0.125,0,3.1
64,48940,11735,742,3.1,0.229,1,8.5
46,89299,21341,630,10.5,0.6,0,1.7
31,18495,9793,688,10.7,0.104,0,5.5
31,43693,17269,644,3.9,0.309,0,5.6
33,37683,12193,701,2.8,0.231,0,6.9
21,40564,16858,801,3.2,0.108,0,3.2
31,27711,8060,657,10.4,0.042,1,8.1
45,112400,61866,649,8.7,0.11,1,1.3
38,52314,12867,599,18.0,0.04,1,5.0
36,21564,3885,661,2.6,0.384,0,3.8
48,56779,10801,558,2.9,0.252,0,6.2
29,76892,43226,773,10.7,0.04,1,10.7
44,47529,12072,638,4.0,0.178,0,2.3
29,94018,55342,619,2.0,0.227,0,7.6
48,21246,2556,668,2.8,0.58,0,3.4
41,77251,9630,721,5.7,0.143,1,8.9
42,44256,22580,663,16.3,0.224,0,8.3
39,34203,10335,751,15.1,0.636,0,10.7
45,67244,30390,650,10.2,0.226,0,9.6
31,66679,26429,629,3.6,0.255,0,4.9
50,89813,39839,676,3.5,0.28,1,1.7
37,88100,31952,669,15.9,0.552,0,10.8
45,50425,22775,739,3.1,0.352,0,17.0
47,25717,9899,732,11.1,0.331,0,3.4
32,23625,7125,649,6.7,0.632,0,9.2
45,24550,11022,579,2.9,0.31,0,2.7
33,41149,6615,718,7.8,0.276,0,7.7
24,54050,12645,601,6.1,0.144,0,6.1
42,61068,11834,673,0.7,0.091,1,9.2
62,61657,32069,712,4.2,0.221,0,3.2
33,35232,14486,797,5.6,0.078,0,3.6
45,84770,8540,821,6.3,0.211,0,11.1
48,93222,47784,707,2.7,0.362,0,5.8
28,32666,7764,552,4.3,0.195,1,8.2
34,46931,4949,608,3.5,0.041,0,3.6
52,64326,9019,669,3.7,0.081,1,6.3
47,87702,33068,657,14.5,0.344,0,14.6
41,62281,11905,687,13.6,0.106,0,10.5
24,38548,15979,688,1.5,0.49,1,6.2
34,32477,17140,603,4.9,0.329,0,9.0
45,31766,9673,719,8.9,0.182,0,13.7
18,44161,23652,621,0.0,0.196,2,0.0
48,39877,8251,690,4.8,0.2,0,10.0
51,29313,12326,797,1.9,0.23,0,2.0
58,65195,35611,616,1.6,0.257,0,11.1
53,42610,15978,690,5.1,0.171,0,5.1
44,58379,28606,654,1.6,0.13,0,7.7
48,29142,11730,615,5.9,0.321,0,5.2
36,73416,13221,688,5.4,0.184,0,6.2
34,68330,38236,631,6.8,0.277,0,13.3
44,77830,15751,730,1.5,0.312,0,12.6
32,46716,23009,721,0.9,0.481,0,4.2
36,44589,6538,787,17.7,0.638,0,3.9
62,62971,21704,729,4.4,0.352,2,5.2
33,82266,32181,722,7.5,0.382,0,7.8
42,48543,21243,554,5.2,0.461,0,3.7
24,26222,11824,738,4.2,0.32,0,4.3
32,40846,5208,729,5.3,0.316,0,5.9
32,84189,22010,634,2.6,0.122,0,4.8
39,66735,28966,793,4.8,0.333,0,8.7
31,55454,15935,739,9.8,0.266,1,7.9
37,41336,13363,694,4.2,0.07,1,6.2
35,97031,14462,727,15.4,0.639,0,5.6
38,32425,12978,710,7.0,0.387,0,2.5
23,49377,13027,692,2.2,0.257,0,3.7
24,59438,9316,668,6.3,0.49,2,2.7
48,58216,20511,757,10.7,0.229,0,9.5
34,35718,10752,591,3.5,0.104,0,7.7
42,68324,28359,693,6.1,0.086,0,1.5
44,62269,13354,772,1.5,0.304,0,14.4
41,52788,9286,688,5.7,0.204,0,4.0
26,58195,15782,729,3.3,0.411,0,1.2
19,39580,22148,680,1.4,0.217,2,1.4
36,103131,21345,618,3.5,0.486,0,2.4
40,84359,20913,737,6.0,0.065,1,4.4
54,37754,18582,771,17.7,0.262,0,4.2
60,46015,22083,646,9.4,0.309,0,8.4
43,77872,23165,714,13.0,0.088,0,13.1
39,64171,32459,698,10.8,0.406,0,5.7
39,51838,24561,657,8.2,0.302,0,4.3
39,33265,8061,751,3.9,0.301,0,3.1
33,34658,14220,665,6.4,0.199,0,9.0
53,51128,11793,617,2.0,0.104,1,3.9
36,96847,34923,657,6.2,0.304,0,7.0
43,79172,25471,670,6.3,0.247,1,8.6
43,63875,21609,639,4.5,0.113,0,16.1
18,66985,38657,646,0.0,0.25,0,0.0
30,19887,9869,609,4.1,0.447,1,4.0
43,56294,23039,661,7.4,0.269,1,12.9
52,56088,7056,690,6.3,0.145,0,12.6
42,27593,4522,624,12.0,0.307,0,5.5
47,121375,50963,613,13.8,0.298,0,11.4
29,59907,33504,617,5.6,0.41,1,7.6
40,62390,7755,670,3.7,0.077,1,8.7
28,36790,21886,648,3.9,0.311,0,10.2
48,55350,18564,579,2.0,0.094,0,4.6
40,52917,15377,602,3.1,0.348,0,6.9
57,107452,47391,673,9.0,0.166,0,18.0
40,73178,43523,655,7.7,0.203,0,13.5
24,53893,10888,673,4.3,0.157,0,6.2
43,27155,15788,773,11.5,0.225,0,7.7
35,30120,4880,694,5.0,0.419,0,12.1
50,17769,8977,566,7.1,0.404,0,7.3
33,43475,19640,640,2.6,0.238,0,14.7
53,61098,21005,699,8.1,0.15,0,14.9
26,51261,19144,637,1.1,0.499,1,3.3
54,64317,37846,618,4.7,0.323,0,7.0
26,117073,56521,732,4.1,0.325,0,3.1
32,33972,20206,653,5.9,0.303,1,3.0
47,33889,5313,626,17.4,0.18,1,3.9
61,52167,15569,626,3.2,0.168,0,5.8
41,26541,5954,779,7.1,0.436,0,17.0
26,48415,12737,609,8.0,0.446,1,1.6
18,41295,24096,666,0.0,0.391,0,0.0
50,29773,11224,669,4.3,0.417,2,6.4
56,29463,15230,719,1.8,0.252,0,6.1
51,40133,4199,629,6.2,0.059,0,5.8
42,37545,13557,627,3.7,0.098,0,4.5
32,42927,24820,726,6.5,0.23,0,4.8
45,84785,22961,827,3.1,0.163,0,3.4
43,75344,26145,644,7.1,0.393,0,2.9
60,57995,14493,640,12.9,0.149,1,8.4
45,64957,29599,827,2.7,0.444,0,4.3
49,32941,3440,656,6.9,0.425,0,3.8
39,63414,24431,659,4.9,0.06,0,6.4
30,33139,5163,691,8.3,0.455,0,8.9
40,62737,20479,704,2.4,0.204,0,6.5
18,102954,36253,695,0.0,0.187,0,0.0
40,73873,22450,738,3.8,0.385,0,9.2
43,70764,8869,596,7.8,0.113,0,11.0
34,32370,12265,666,4.3,0.166,0,12.1
44,49510,11156,745,1.7,0.129,0,9.7
51,55720,17859,542,6.4,0.389,0,7.1
41,75785,11015,601,3.9,0.27,0,3.7
39,37438,6796,722,3.8,0.357,0,9.2
36,48153,19640,685,5.7,0.281,0,8.7
37,95892,57229,641,12.8,0.285,0,5.2
60,51336,30317,699,1.7,0.166,0,18.4
32,20405,3212,706,4.6,0.45,0,5.9
34,31984,12472,627,9.7,0.495,0,8.1
49,38510,21253,675,13.3,0.316,0,6.2
32,33536,10046,609,11.2,0.178,0,5.7
49,55830,28031,749,2.1,0.293,1,3.9
31,79727,13647,586,4.2,0.33,0,4.8
40,85783,50864,672,3.8,0.468,0,9.2
49,88230,37192,728,1.9,0.495,0,1.7
28,39870,16298,800,5.3,0.089,0,3.2
47,46189,18037,668,2.9,0.181,0,3.9
49,48673,26835,845,2.9,0.094,0,6.5
37,163247,41534,612,19.3,0.212,0,4.0
53,59426,12298,715,3.7,0.659,0,7.5
38,47981,17616,638,7.5,0.136,2,8.3
39,35295,20906,778,3.0,0.331,0,2.8
47,82176,48604,675,2.3,0.318,0,3.5
52,30757,4485,618,3.2,0.121,0,8.4
18,56134,6958,754,0.0,0.124,1,0.0
19,49117,24761,654,1.2,0.269,0,1.2
27,44243,18648,602,6.2,0.532,0,9.1
46,108730,44857,661,4.6,0.307,0,20.7
42,63022,28339,741,0.8,0.25,0,15.2
21,76359,8831,671,3.2,0.266,0,3.2
59,31545,9627,656,1.6,0.083,0,12.7
46,76469,25978,680,9.1,0.473,0,6.0
37,88096,37834,536,5.6,0.185,0,10.2
45,56116,21894,850,8.1,0.348,0,7.0
37,42029,20080,677,12.6,0.432,0,6.7
51,36274,13471,738,11.8,0.163,0,8.8
53,50578,21050,770,5.5,0.153,0,13.1
56,46333,4751,615,8.5,0.116,0,6.1
45,39419,16495,603,4.8,0.689,0,5.1
41,60610,21563,775,4.7,0.345,0,11.1
50,54323,16657,631,4.2,0.142,1,16.1
57,43007,19284,656,10.4,0.42,0,4.4
37,43299,4375,634,7.6,0.067,0,3.8
55,25262,12241,500,7.7,0.345,1,7.2
35,46779,25418,666,3.8,0.097,0,15.8
32,30382,4755,675,9.6,0.192,0,10.4
44,42754,11855,744,9.7,0.121,0,5.1
33,56250,30055,652,1.4,0.038,0,8.4
21,23767,3115,643,3.0,0.095,0,2.6
38,44378,9480,712,3.7,0.314,0,15.4
64,57153,28740,733,7.8,0.809,0,8.1
21,26858,7482,609,2.5,0.242,1,3.4
49,38784,10452,560,3.9,0.365,0,2.9
37,29014,8682,813,12.5,0.157,0,16.0
33,70089,40898,773,2.4,0.215,1,12.2
32,38375,4947,639,6.8,0.08,0,6.1
41,37633,10672,659,4.6,0.562,0,4.5
37,69455,19509,677,1.1,0.093,0,7.1
46,44518,26246,627,8.4,0.192,1,7.6
62,101633,24792,643,10.5,0.62,0,7.0
42,60936,34857,671,5.3,0.302,0,2.3
34,59065,17819,593,9.6,0.646,0,15.0
44,59844,19645,819,4.1,0.14,1,5.0
34,82717,36266,577,4.0,0.284,1,3.2
35,14185,4824,552,10.0,0.495,0,4.2
33,64754,13497,733,4.1,0.252,1,9.3
50,35390,18394,655,12.0,0.188,0,5.1
49,30550,7365,704,15.4,0.164,0,4.8
38,46370,24511,679,5.0,0.234,1,5.3
25,47394,27681,656,7.4,0.322,0,6.9
31,24338,8929,673,13.0,0.079,0,5.9
40,30482,5707,703,1.4,0.101,3,10.3
52,27859,5051,747,3.7,0.461,0,16.6
18,35023,18418,633,0.0,0.341,0,0.0
42,59990,14507,707,7.0,0.35,0,7.1
47,42105,14613,651,7.9,0.069,1,14.2
47,54995,27059,657,5.0,0.677,0,4.8
47,35714,4563,626,5.0,0.085,1,11.5
51,84598,26789,661,9.8,0.411,0,9.1
38,40842,17780,605,8.3,0.181,0,5.3
48,70135,27169,610,0.4,0.451,0,2.2
22,50274,15249,624,3.5,0.587,0,3.5
36,35921,9929,543,5.0,0.29,0,6.5
43,116660,16304,622,6.7,0.651,0,2.8
35,80373,32364,649,0.8,0.411,0,3.6
30,45000,5807,700,7.8,0.176,1,5.9
34,70861,25558,595,0.9,0.236,0,8.8
47,48715,8131,676,10.3,0.338,1,1.8
39,43960,5274,701,9.1,0.47,0,4.4
40,37023,12721,662,2.4,0.55,0,4.8
44,48803,12347,689,3.1,0.242,1,13.6
43,55558,19123,691,4.4,0.222,0,10.0
55,53409,9714,656,4.9,0.402,0,3.1
52,61841,36069,638,7.5,0.172,0,23.2
44,48566,5196,688,2.3,0.281,0,6.3
37,29112,4886,612,4.3,0.279,0,4.0
54,57522,26206,542,9.5,0.391,0,9.7
57,36554,20656,634,0.8,0.674,0,8.8
25,25081,3082,643,6.7,0.238,2,6.7
39,44196,4913,686,2.4,0.671,0,11.5
38,39193,14862,683,10.5,0.09,0,10.1
31,34478,11047,638,2.7,0.136,1,8.4
35,28626,5790,682,2.7,0.185,0,3.7
36,53945,8963,731,5.0,0.047,1,8.7
51,37018,19492,666,6.0,0.213,0,9.3
26,33101,5362,621,4.6,0.28,1,4.3
43,56367,25234,653,3.5,0.199,0,4.5
32,44273,22734,720,8.6,0.463,0,3.7
52,55471,6166,590,2.4,0.112,0,13.3
41,45073,21287,716,8.3,0.401,0,18.2
50,55265,24407,643,3.7,0.202,0,11.3
41,26716,9925,742,7.9,0.63,1,6.2
24,85562,11952,693,2.2,0.515,0,5.9
35,24012,13301,712,5.8,0.243,1,11.2
57,67344,37324,731,1.9,0.276,0,4.3
46,45681,12367,741,3.8,0.591,0,3.1
60,114543,30712,727,7.1,0.281,0,2.4
56,48978,18298,620,4.5,0.372,0,3.9
34,62960,33858,721,13.4,0.334,0,7.0
27,20992,11884,595,3.6,0.248,0,9.0
